{"cameraMode":{"drawMode":0,"name":"Shaded","section":"Shading Mode"},"sceneLighting":true,"audioPlay":false,"sceneViewState":{"showFog":true,"showMaterialUpdate":false,"showSkybox":true,"showFlares":true,"showImageEffects":true,"showParticleSystems":true,"showVisualEffectGraphs":true,"m_FxEnabled":true},"in2DMode":false,"pivot":{"x":0.5926364660263062,"y":1.19234037399292,"z":10.910152435302735},"rotation":{"x":-0.07972299307584763,"y":-0.006881683133542538,"z":0.0005500289262272418,"w":-0.9967927932739258},"size":15.983552932739258,"orthographic":false}