{"cameraMode":{"drawMode":0,"name":"Shaded","section":"Shading Mode"},"sceneLighting":true,"audioPlay":false,"sceneViewState":{"showFog":true,"showMaterialUpdate":false,"showSkybox":true,"showFlares":true,"showImageEffects":true,"showParticleSystems":true,"showVisualEffectGraphs":true,"m_FxEnabled":true},"in2DMode":false,"pivot":{"x":-0.5146940350532532,"y":6.962933540344238,"z":-4.006333827972412},"rotation":{"x":-0.17638152837753297,"y":-0.002365165390074253,"z":0.0004238263936713338,"w":-0.9843187928199768},"size":4.232030868530273,"orthographic":false}